-- phpMyAdmin SQL Dump
-- version 5.0.2
-- https://www.phpmyadmin.net/
--
-- Host: 127.0.0.1:3306
-- Generation Time: Jun 17, 2021 at 02:11 PM
-- Server version: 5.7.31
-- PHP Version: 7.3.21

SET SQL_MODE = "NO_AUTO_VALUE_ON_ZERO";
START TRANSACTION;
SET time_zone = "+00:00";


/*!40101 SET @OLD_CHARACTER_SET_CLIENT=@@CHARACTER_SET_CLIENT */;
/*!40101 SET @OLD_CHARACTER_SET_RESULTS=@@CHARACTER_SET_RESULTS */;
/*!40101 SET @OLD_COLLATION_CONNECTION=@@COLLATION_CONNECTION */;
/*!40101 SET NAMES utf8mb4 */;

--
-- Database: `appfitness`
--

-- --------------------------------------------------------

--
-- Table structure for table `cini`
--

DROP TABLE IF EXISTS `cini`;
CREATE TABLE IF NOT EXISTS `cini` (
  `IDVEZBE` int(11) NOT NULL,
  `IDTRENINGA` int(11) NOT NULL,
  `NEDELJA` int(11) NOT NULL,
  `BRDANAUNED` int(11) NOT NULL,
  PRIMARY KEY (`IDVEZBE`,`IDTRENINGA`,`NEDELJA`,`BRDANAUNED`),
  KEY `FK_CINI2` (`IDTRENINGA`,`NEDELJA`,`BRDANAUNED`)
) ENGINE=InnoDB DEFAULT CHARSET=utf8 COLLATE=utf8_unicode_ci;

--
-- Dumping data for table `cini`
--

INSERT INTO `cini` (`IDVEZBE`, `IDTRENINGA`, `NEDELJA`, `BRDANAUNED`) VALUES
(1, 78, 1, 1),
(3, 78, 1, 1),
(4, 78, 1, 1),
(7, 78, 1, 1),
(11, 78, 1, 1),
(1, 79, 1, 2),
(6, 79, 1, 2),
(10, 79, 1, 2),
(11, 79, 1, 2),
(12, 79, 1, 2),
(3, 80, 1, 3),
(8, 80, 1, 3),
(9, 80, 1, 3),
(11, 80, 1, 3),
(12, 80, 1, 3),
(1, 81, 1, 4),
(5, 81, 1, 4),
(6, 81, 1, 4),
(10, 81, 1, 4),
(12, 81, 1, 4),
(1, 82, 1, 5),
(3, 82, 1, 5),
(6, 82, 1, 5),
(10, 82, 1, 5),
(12, 82, 1, 5),
(2, 83, 1, 6),
(3, 83, 1, 6),
(4, 83, 1, 6),
(8, 83, 1, 6),
(12, 83, 1, 6),
(1, 84, 1, 7),
(3, 84, 1, 7),
(7, 84, 1, 7),
(9, 84, 1, 7),
(11, 84, 1, 7),
(3, 85, 2, 1),
(6, 85, 2, 1),
(7, 85, 2, 1),
(8, 85, 2, 1),
(10, 85, 2, 1),
(3, 86, 2, 2),
(6, 86, 2, 2),
(8, 86, 2, 2),
(9, 86, 2, 2),
(12, 86, 2, 2),
(2, 87, 2, 3),
(3, 87, 2, 3),
(4, 87, 2, 3),
(9, 87, 2, 3),
(12, 87, 2, 3),
(3, 88, 2, 4),
(4, 88, 2, 4),
(10, 88, 2, 4),
(11, 88, 2, 4),
(12, 88, 2, 4),
(1, 89, 2, 5),
(5, 89, 2, 5),
(10, 89, 2, 5),
(11, 89, 2, 5),
(12, 89, 2, 5),
(5, 90, 2, 6),
(8, 90, 2, 6),
(10, 90, 2, 6),
(11, 90, 2, 6),
(12, 90, 2, 6),
(1, 91, 2, 7),
(5, 91, 2, 7),
(6, 91, 2, 7),
(10, 91, 2, 7),
(12, 91, 2, 7),
(2, 92, 3, 1),
(3, 92, 3, 1),
(7, 92, 3, 1),
(8, 92, 3, 1),
(9, 92, 3, 1),
(1, 93, 3, 2),
(5, 93, 3, 2),
(7, 93, 3, 2),
(9, 93, 3, 2),
(11, 93, 3, 2),
(3, 94, 3, 3),
(4, 94, 3, 3),
(6, 94, 3, 3),
(9, 94, 3, 3),
(12, 94, 3, 3),
(2, 95, 3, 4),
(5, 95, 3, 4),
(7, 95, 3, 4),
(9, 95, 3, 4),
(10, 95, 3, 4),
(1, 96, 3, 5),
(5, 96, 3, 5),
(6, 96, 3, 5),
(7, 96, 3, 5),
(8, 96, 3, 5),
(3, 97, 3, 6),
(8, 97, 3, 6),
(10, 97, 3, 6),
(11, 97, 3, 6),
(12, 97, 3, 6),
(3, 98, 3, 7),
(9, 98, 3, 7),
(10, 98, 3, 7),
(11, 98, 3, 7),
(12, 98, 3, 7),
(3, 99, 4, 1),
(7, 99, 4, 1),
(9, 99, 4, 1),
(10, 99, 4, 1),
(11, 99, 4, 1),
(2, 100, 4, 2),
(3, 100, 4, 2),
(8, 100, 4, 2),
(10, 100, 4, 2),
(12, 100, 4, 2),
(2, 101, 4, 3),
(4, 101, 4, 3),
(5, 101, 4, 3),
(7, 101, 4, 3),
(9, 101, 4, 3),
(2, 102, 4, 4),
(4, 102, 4, 4),
(8, 102, 4, 4),
(11, 102, 4, 4),
(12, 102, 4, 4),
(3, 103, 4, 5),
(5, 103, 4, 5),
(9, 103, 4, 5),
(10, 103, 4, 5),
(12, 103, 4, 5),
(1, 104, 4, 6),
(5, 104, 4, 6),
(7, 104, 4, 6),
(10, 104, 4, 6),
(11, 104, 4, 6),
(1, 105, 4, 7),
(2, 105, 4, 7),
(6, 105, 4, 7),
(7, 105, 4, 7),
(8, 105, 4, 7),
(2, 106, 1, 1),
(6, 106, 1, 1),
(7, 106, 1, 1),
(9, 106, 1, 1),
(10, 106, 1, 1),
(2, 107, 1, 2),
(4, 107, 1, 2),
(5, 107, 1, 2),
(7, 107, 1, 2),
(9, 107, 1, 2),
(3, 108, 1, 3),
(5, 108, 1, 3),
(7, 108, 1, 3),
(8, 108, 1, 3),
(9, 108, 1, 3),
(2, 109, 1, 4),
(9, 109, 1, 4),
(10, 109, 1, 4),
(11, 109, 1, 4),
(12, 109, 1, 4),
(2, 110, 1, 5),
(3, 110, 1, 5),
(9, 110, 1, 5),
(10, 110, 1, 5),
(12, 110, 1, 5),
(3, 111, 2, 1),
(4, 111, 2, 1),
(6, 111, 2, 1),
(9, 111, 2, 1),
(12, 111, 2, 1),
(5, 112, 2, 2),
(6, 112, 2, 2),
(9, 112, 2, 2),
(10, 112, 2, 2),
(12, 112, 2, 2),
(4, 113, 2, 3),
(5, 113, 2, 3),
(7, 113, 2, 3),
(10, 113, 2, 3),
(11, 113, 2, 3),
(4, 114, 2, 4),
(6, 114, 2, 4),
(10, 114, 2, 4),
(11, 114, 2, 4),
(12, 114, 2, 4),
(2, 115, 2, 5),
(6, 115, 2, 5),
(7, 115, 2, 5),
(9, 115, 2, 5),
(10, 115, 2, 5),
(2, 116, 3, 1),
(6, 116, 3, 1),
(7, 116, 3, 1),
(8, 116, 3, 1),
(10, 116, 3, 1),
(1, 117, 3, 2),
(5, 117, 3, 2),
(6, 117, 3, 2),
(7, 117, 3, 2),
(8, 117, 3, 2),
(1, 118, 3, 3),
(3, 118, 3, 3),
(9, 118, 3, 3),
(11, 118, 3, 3),
(12, 118, 3, 3),
(2, 119, 3, 4),
(5, 119, 3, 4),
(7, 119, 3, 4),
(9, 119, 3, 4),
(10, 119, 3, 4),
(1, 120, 3, 5),
(5, 120, 3, 5),
(7, 120, 3, 5),
(9, 120, 3, 5),
(11, 120, 3, 5),
(3, 121, 4, 1),
(4, 121, 4, 1),
(6, 121, 4, 1),
(7, 121, 4, 1),
(8, 121, 4, 1),
(1, 122, 4, 2),
(3, 122, 4, 2),
(5, 122, 4, 2),
(7, 122, 4, 2),
(10, 122, 4, 2),
(4, 123, 4, 3),
(5, 123, 4, 3),
(7, 123, 4, 3),
(9, 123, 4, 3),
(11, 123, 4, 3),
(3, 124, 4, 4),
(4, 124, 4, 4),
(6, 124, 4, 4),
(7, 124, 4, 4),
(8, 124, 4, 4),
(1, 125, 4, 5),
(2, 125, 4, 5),
(4, 125, 4, 5),
(5, 125, 4, 5),
(7, 125, 4, 5),
(1, 126, 1, 1),
(2, 126, 1, 1),
(3, 126, 1, 1),
(5, 126, 1, 1),
(7, 126, 1, 1),
(8, 126, 1, 1),
(10, 126, 1, 1),
(3, 127, 1, 2),
(4, 127, 1, 2),
(5, 127, 1, 2),
(9, 127, 1, 2),
(10, 127, 1, 2),
(11, 127, 1, 2),
(12, 127, 1, 2),
(2, 128, 1, 3),
(4, 128, 1, 3),
(5, 128, 1, 3),
(9, 128, 1, 3),
(10, 128, 1, 3),
(11, 128, 1, 3),
(12, 128, 1, 3),
(1, 129, 2, 1),
(2, 129, 2, 1),
(3, 129, 2, 1),
(6, 129, 2, 1),
(7, 129, 2, 1),
(8, 129, 2, 1),
(10, 129, 2, 1),
(1, 130, 2, 2),
(3, 130, 2, 2),
(5, 130, 2, 2),
(6, 130, 2, 2),
(8, 130, 2, 2),
(10, 130, 2, 2),
(12, 130, 2, 2),
(1, 131, 2, 3),
(2, 131, 2, 3),
(3, 131, 2, 3),
(6, 131, 2, 3),
(7, 131, 2, 3),
(9, 131, 2, 3),
(10, 131, 2, 3),
(2, 132, 3, 1),
(3, 132, 3, 1),
(5, 132, 3, 1),
(7, 132, 3, 1),
(8, 132, 3, 1),
(9, 132, 3, 1),
(10, 132, 3, 1),
(1, 133, 3, 2),
(3, 133, 3, 2),
(4, 133, 3, 2),
(5, 133, 3, 2),
(10, 133, 3, 2),
(11, 133, 3, 2),
(12, 133, 3, 2),
(1, 134, 3, 3),
(3, 134, 3, 3),
(6, 134, 3, 3),
(7, 134, 3, 3),
(9, 134, 3, 3),
(10, 134, 3, 3),
(11, 134, 3, 3),
(2, 135, 4, 1),
(4, 135, 4, 1),
(6, 135, 4, 1),
(9, 135, 4, 1),
(10, 135, 4, 1),
(11, 135, 4, 1),
(12, 135, 4, 1),
(1, 136, 4, 2),
(4, 136, 4, 2),
(5, 136, 4, 2),
(6, 136, 4, 2),
(7, 136, 4, 2),
(9, 136, 4, 2),
(11, 136, 4, 2),
(1, 137, 4, 3),
(2, 137, 4, 3),
(4, 137, 4, 3),
(5, 137, 4, 3),
(10, 137, 4, 3),
(11, 137, 4, 3),
(12, 137, 4, 3),
(4, 138, 1, 1),
(6, 138, 1, 1),
(9, 138, 1, 1),
(11, 138, 1, 1),
(12, 138, 1, 1),
(4, 139, 1, 2),
(5, 139, 1, 2),
(7, 139, 1, 2),
(8, 139, 1, 2),
(11, 139, 1, 2),
(1, 140, 1, 3),
(3, 140, 1, 3),
(4, 140, 1, 3),
(6, 140, 1, 3),
(12, 140, 1, 3),
(1, 141, 1, 4),
(2, 141, 1, 4),
(10, 141, 1, 4),
(11, 141, 1, 4),
(12, 141, 1, 4),
(3, 142, 1, 5),
(6, 142, 1, 5),
(7, 142, 1, 5),
(8, 142, 1, 5),
(10, 142, 1, 5),
(1, 143, 2, 1),
(6, 143, 2, 1),
(7, 143, 2, 1),
(8, 143, 2, 1),
(11, 143, 2, 1),
(1, 144, 2, 2),
(2, 144, 2, 2),
(5, 144, 2, 2),
(10, 144, 2, 2),
(12, 144, 2, 2),
(6, 145, 2, 3),
(8, 145, 2, 3),
(10, 145, 2, 3),
(11, 145, 2, 3),
(12, 145, 2, 3),
(2, 146, 2, 4),
(9, 146, 2, 4),
(10, 146, 2, 4),
(11, 146, 2, 4),
(12, 146, 2, 4),
(1, 147, 2, 5),
(4, 147, 2, 5),
(5, 147, 2, 5),
(6, 147, 2, 5),
(12, 147, 2, 5),
(4, 148, 3, 1),
(5, 148, 3, 1),
(9, 148, 3, 1),
(11, 148, 3, 1),
(12, 148, 3, 1),
(1, 149, 3, 2),
(6, 149, 3, 2),
(9, 149, 3, 2),
(11, 149, 3, 2),
(12, 149, 3, 2),
(3, 150, 3, 3),
(4, 150, 3, 3),
(5, 150, 3, 3),
(10, 150, 3, 3),
(12, 150, 3, 3),
(3, 151, 3, 4),
(6, 151, 3, 4),
(9, 151, 3, 4),
(10, 151, 3, 4),
(12, 151, 3, 4),
(2, 152, 3, 5),
(5, 152, 3, 5),
(8, 152, 3, 5),
(10, 152, 3, 5),
(12, 152, 3, 5),
(1, 153, 4, 1),
(6, 153, 4, 1),
(8, 153, 4, 1),
(11, 153, 4, 1),
(12, 153, 4, 1),
(1, 154, 4, 2),
(3, 154, 4, 2),
(5, 154, 4, 2),
(8, 154, 4, 2),
(12, 154, 4, 2),
(4, 155, 4, 3),
(6, 155, 4, 3),
(7, 155, 4, 3),
(10, 155, 4, 3),
(11, 155, 4, 3),
(2, 156, 4, 4),
(4, 156, 4, 4),
(6, 156, 4, 4),
(10, 156, 4, 4),
(12, 156, 4, 4),
(1, 157, 4, 5),
(6, 157, 4, 5),
(7, 157, 4, 5),
(8, 157, 4, 5),
(11, 157, 4, 5),
(4, 186, 1, 1),
(6, 186, 1, 1),
(7, 186, 1, 1),
(9, 186, 1, 1),
(11, 186, 1, 1),
(2, 187, 1, 2),
(3, 187, 1, 2),
(7, 187, 1, 2),
(8, 187, 1, 2),
(9, 187, 1, 2),
(1, 188, 1, 3),
(2, 188, 1, 3),
(6, 188, 1, 3),
(7, 188, 1, 3),
(8, 188, 1, 3),
(2, 189, 1, 4),
(3, 189, 1, 4),
(4, 189, 1, 4),
(7, 189, 1, 4),
(10, 189, 1, 4),
(1, 190, 1, 5),
(2, 190, 1, 5),
(7, 190, 1, 5),
(10, 190, 1, 5),
(11, 190, 1, 5),
(4, 191, 2, 1),
(5, 191, 2, 1),
(7, 191, 2, 1),
(9, 191, 2, 1),
(11, 191, 2, 1),
(3, 192, 2, 2),
(5, 192, 2, 2),
(8, 192, 2, 2),
(9, 192, 2, 2),
(12, 192, 2, 2),
(3, 193, 2, 3),
(4, 193, 2, 3),
(5, 193, 2, 3),
(7, 193, 2, 3),
(10, 193, 2, 3),
(2, 194, 2, 4),
(6, 194, 2, 4),
(7, 194, 2, 4),
(9, 194, 2, 4),
(10, 194, 2, 4),
(3, 195, 2, 5),
(8, 195, 2, 5),
(10, 195, 2, 5),
(11, 195, 2, 5),
(12, 195, 2, 5),
(5, 196, 3, 1),
(6, 196, 3, 1),
(7, 196, 3, 1),
(9, 196, 3, 1),
(10, 196, 3, 1),
(2, 197, 3, 2),
(3, 197, 3, 2),
(8, 197, 3, 2),
(9, 197, 3, 2),
(12, 197, 3, 2),
(5, 198, 3, 3),
(8, 198, 3, 3),
(10, 198, 3, 3),
(11, 198, 3, 3),
(12, 198, 3, 3),
(3, 199, 3, 4),
(4, 199, 3, 4),
(10, 199, 3, 4),
(11, 199, 3, 4),
(12, 199, 3, 4),
(1, 200, 3, 5),
(4, 200, 3, 5),
(5, 200, 3, 5),
(11, 200, 3, 5),
(12, 200, 3, 5),
(6, 201, 4, 1),
(7, 201, 4, 1),
(8, 201, 4, 1),
(9, 201, 4, 1),
(11, 201, 4, 1),
(4, 202, 4, 2),
(6, 202, 4, 2),
(7, 202, 4, 2),
(10, 202, 4, 2),
(11, 202, 4, 2),
(2, 203, 4, 3),
(3, 203, 4, 3),
(7, 203, 4, 3),
(8, 203, 4, 3),
(10, 203, 4, 3),
(3, 204, 4, 4),
(4, 204, 4, 4),
(5, 204, 4, 4),
(8, 204, 4, 4),
(12, 204, 4, 4),
(4, 205, 4, 5),
(5, 205, 4, 5),
(6, 205, 4, 5),
(8, 205, 4, 5),
(12, 205, 4, 5),
(2, 206, 1, 1),
(3, 206, 1, 1),
(5, 206, 1, 1),
(8, 206, 1, 1),
(9, 206, 1, 1),
(10, 206, 1, 1),
(12, 206, 1, 1),
(1, 207, 1, 2),
(2, 207, 1, 2),
(3, 207, 1, 2),
(4, 207, 1, 2),
(5, 207, 1, 2),
(9, 207, 1, 2),
(12, 207, 1, 2),
(1, 208, 1, 3),
(3, 208, 1, 3),
(4, 208, 1, 3),
(5, 208, 1, 3),
(7, 208, 1, 3),
(9, 208, 1, 3),
(11, 208, 1, 3),
(1, 209, 2, 1),
(2, 209, 2, 1),
(4, 209, 2, 1),
(5, 209, 2, 1),
(6, 209, 2, 1),
(9, 209, 2, 1),
(12, 209, 2, 1),
(1, 210, 2, 2),
(2, 210, 2, 2),
(4, 210, 2, 2),
(5, 210, 2, 2),
(10, 210, 2, 2),
(11, 210, 2, 2),
(12, 210, 2, 2),
(1, 211, 2, 3),
(2, 211, 2, 3),
(5, 211, 2, 3),
(6, 211, 2, 3),
(7, 211, 2, 3),
(8, 211, 2, 3),
(9, 211, 2, 3),
(1, 212, 3, 1),
(2, 212, 3, 1),
(3, 212, 3, 1),
(5, 212, 3, 1),
(7, 212, 3, 1),
(8, 212, 3, 1),
(10, 212, 3, 1),
(1, 213, 3, 2),
(2, 213, 3, 2),
(3, 213, 3, 2),
(4, 213, 3, 2),
(5, 213, 3, 2),
(9, 213, 3, 2),
(12, 213, 3, 2),
(1, 214, 3, 3),
(2, 214, 3, 3),
(3, 214, 3, 3),
(4, 214, 3, 3),
(10, 214, 3, 3),
(11, 214, 3, 3),
(12, 214, 3, 3),
(1, 215, 4, 1),
(3, 215, 4, 1),
(4, 215, 4, 1),
(5, 215, 4, 1),
(10, 215, 4, 1),
(11, 215, 4, 1),
(12, 215, 4, 1),
(1, 216, 4, 2),
(3, 216, 4, 2),
(4, 216, 4, 2),
(5, 216, 4, 2),
(9, 216, 4, 2),
(11, 216, 4, 2),
(12, 216, 4, 2),
(3, 217, 4, 3),
(4, 217, 4, 3),
(5, 217, 4, 3),
(6, 217, 4, 3),
(7, 217, 4, 3),
(9, 217, 4, 3),
(10, 217, 4, 3);

-- --------------------------------------------------------

--
-- Table structure for table `eclan`
--

DROP TABLE IF EXISTS `eclan`;
CREATE TABLE IF NOT EXISTS `eclan` (
  `IDCLANA` int(11) NOT NULL AUTO_INCREMENT,
  `JMBG` char(13) COLLATE utf8_unicode_ci NOT NULL,
  `IME` varchar(30) COLLATE utf8_unicode_ci NOT NULL,
  `PREZIME` varchar(40) COLLATE utf8_unicode_ci NOT NULL,
  `DATUMRODJENJA` date NOT NULL,
  `VISINA` decimal(5,2) NOT NULL,
  `TELESNATEZINA` decimal(5,2) NOT NULL,
  `POL` char(1) COLLATE utf8_unicode_ci NOT NULL,
  `PLANFIZICKEAKTIVNOSTI` varchar(40) COLLATE utf8_unicode_ci NOT NULL,
  `BROJTELEFONA` char(10) COLLATE utf8_unicode_ci NOT NULL,
  `DATUMUCLANJENJA` date NOT NULL,
  PRIMARY KEY (`IDCLANA`),
  UNIQUE KEY `JMBG` (`JMBG`)
) ENGINE=InnoDB AUTO_INCREMENT=97 DEFAULT CHARSET=utf8 COLLATE=utf8_unicode_ci;

--
-- Dumping data for table `eclan`
--

INSERT INTO `eclan` (`IDCLANA`, `JMBG`, `IME`, `PREZIME`, `DATUMRODJENJA`, `VISINA`, `TELESNATEZINA`, `POL`, `PLANFIZICKEAKTIVNOSTI`, `BROJTELEFONA`, `DATUMUCLANJENJA`) VALUES
(90, '0205999528511', 'Marko', 'Gavrlilov', '2001-06-02', '184.60', '80.50', 'M', 'Aktivna: Svakodnevno treniranje ', '0669821991', '2021-06-17'),
(91, '0105093558914', 'Ilija', 'Puric', '2000-08-01', '182.00', '70.50', 'M', 'Umerena: 4-5 puta nedeljno', '0639921232', '2021-06-17'),
(92, '0103042559123', 'Milena', 'Maric', '1989-06-16', '170.00', '60.00', 'Z', 'Lagana: 1-3 puta nedeljno', '0634219232', '2021-06-17'),
(93, '0521030123921', 'Petar', 'Petrovic', '1998-06-16', '180.00', '68.00', 'M', 'Umerena: 4-5 puta nedeljno', '0638811231', '2021-06-17'),
(95, '0491023001231', 'Mitar', 'Detlic', '1998-12-15', '190.00', '95.00', 'M', 'Umerena: 4-5 puta nedeljno', '0655512523', '2021-06-17'),
(96, '0492012421524', 'Nikola', 'Stanković', '2000-10-10', '176.00', '63.00', 'M', 'Lagana: 1-3 puta nedeljno', '0689827332', '2021-06-17');

-- --------------------------------------------------------

--
-- Table structure for table `emisicnagrupa`
--

DROP TABLE IF EXISTS `emisicnagrupa`;
CREATE TABLE IF NOT EXISTS `emisicnagrupa` (
  `NAZIVGRUPE` varchar(25) COLLATE utf8_unicode_ci NOT NULL,
  PRIMARY KEY (`NAZIVGRUPE`)
) ENGINE=InnoDB DEFAULT CHARSET=utf8 COLLATE=utf8_unicode_ci;

--
-- Dumping data for table `emisicnagrupa`
--

INSERT INTO `emisicnagrupa` (`NAZIVGRUPE`) VALUES
('Biceps'),
('Deltoids'),
('Donja ledja'),
('Donji stomak'),
('Gluteus'),
('Gornji stomak'),
('Grudi'),
('Kvadriceps'),
('Lats'),
('List'),
('Trapezius'),
('Triceps'),
('Zadnja loza');

-- --------------------------------------------------------

--
-- Table structure for table `eplantreninga`
--

DROP TABLE IF EXISTS `eplantreninga`;
CREATE TABLE IF NOT EXISTS `eplantreninga` (
  `IDPLANA` int(11) NOT NULL AUTO_INCREMENT,
  `IDCLANA` int(11) NOT NULL,
  PRIMARY KEY (`IDPLANA`),
  KEY `FK_IMA` (`IDCLANA`)
) ENGINE=InnoDB AUTO_INCREMENT=71 DEFAULT CHARSET=utf8 COLLATE=utf8_unicode_ci;

--
-- Dumping data for table `eplantreninga`
--

INSERT INTO `eplantreninga` (`IDPLANA`, `IDCLANA`) VALUES
(64, 90),
(65, 91),
(66, 92),
(67, 93),
(69, 95),
(70, 96);

-- --------------------------------------------------------

--
-- Table structure for table `etrening`
--

DROP TABLE IF EXISTS `etrening`;
CREATE TABLE IF NOT EXISTS `etrening` (
  `IDTRENINGA` int(11) NOT NULL AUTO_INCREMENT,
  `NEDELJA` int(11) NOT NULL,
  `BRDANAUNED` int(11) NOT NULL,
  `IDPLANA` int(11) NOT NULL,
  PRIMARY KEY (`IDTRENINGA`,`NEDELJA`,`BRDANAUNED`),
  KEY `pripada` (`IDPLANA`)
) ENGINE=InnoDB AUTO_INCREMENT=218 DEFAULT CHARSET=utf8 COLLATE=utf8_unicode_ci;

--
-- Dumping data for table `etrening`
--

INSERT INTO `etrening` (`IDTRENINGA`, `NEDELJA`, `BRDANAUNED`, `IDPLANA`) VALUES
(78, 1, 1, 64),
(79, 1, 2, 64),
(80, 1, 3, 64),
(81, 1, 4, 64),
(82, 1, 5, 64),
(83, 1, 6, 64),
(84, 1, 7, 64),
(85, 2, 1, 64),
(86, 2, 2, 64),
(87, 2, 3, 64),
(88, 2, 4, 64),
(89, 2, 5, 64),
(90, 2, 6, 64),
(91, 2, 7, 64),
(92, 3, 1, 64),
(93, 3, 2, 64),
(94, 3, 3, 64),
(95, 3, 4, 64),
(96, 3, 5, 64),
(97, 3, 6, 64),
(98, 3, 7, 64),
(99, 4, 1, 64),
(100, 4, 2, 64),
(101, 4, 3, 64),
(102, 4, 4, 64),
(103, 4, 5, 64),
(104, 4, 6, 64),
(105, 4, 7, 64),
(106, 1, 1, 65),
(107, 1, 2, 65),
(108, 1, 3, 65),
(109, 1, 4, 65),
(110, 1, 5, 65),
(111, 2, 1, 65),
(112, 2, 2, 65),
(113, 2, 3, 65),
(114, 2, 4, 65),
(115, 2, 5, 65),
(116, 3, 1, 65),
(117, 3, 2, 65),
(118, 3, 3, 65),
(119, 3, 4, 65),
(120, 3, 5, 65),
(121, 4, 1, 65),
(122, 4, 2, 65),
(123, 4, 3, 65),
(124, 4, 4, 65),
(125, 4, 5, 65),
(126, 1, 1, 66),
(127, 1, 2, 66),
(128, 1, 3, 66),
(129, 2, 1, 66),
(130, 2, 2, 66),
(131, 2, 3, 66),
(132, 3, 1, 66),
(133, 3, 2, 66),
(134, 3, 3, 66),
(135, 4, 1, 66),
(136, 4, 2, 66),
(137, 4, 3, 66),
(138, 1, 1, 67),
(139, 1, 2, 67),
(140, 1, 3, 67),
(141, 1, 4, 67),
(142, 1, 5, 67),
(143, 2, 1, 67),
(144, 2, 2, 67),
(145, 2, 3, 67),
(146, 2, 4, 67),
(147, 2, 5, 67),
(148, 3, 1, 67),
(149, 3, 2, 67),
(150, 3, 3, 67),
(151, 3, 4, 67),
(152, 3, 5, 67),
(153, 4, 1, 67),
(154, 4, 2, 67),
(155, 4, 3, 67),
(156, 4, 4, 67),
(157, 4, 5, 67),
(186, 1, 1, 69),
(187, 1, 2, 69),
(188, 1, 3, 69),
(189, 1, 4, 69),
(190, 1, 5, 69),
(191, 2, 1, 69),
(192, 2, 2, 69),
(193, 2, 3, 69),
(194, 2, 4, 69),
(195, 2, 5, 69),
(196, 3, 1, 69),
(197, 3, 2, 69),
(198, 3, 3, 69),
(199, 3, 4, 69),
(200, 3, 5, 69),
(201, 4, 1, 69),
(202, 4, 2, 69),
(203, 4, 3, 69),
(204, 4, 4, 69),
(205, 4, 5, 69),
(206, 1, 1, 70),
(207, 1, 2, 70),
(208, 1, 3, 70),
(209, 2, 1, 70),
(210, 2, 2, 70),
(211, 2, 3, 70),
(212, 3, 1, 70),
(213, 3, 2, 70),
(214, 3, 3, 70),
(215, 4, 1, 70),
(216, 4, 2, 70),
(217, 4, 3, 70);

-- --------------------------------------------------------

--
-- Table structure for table `evezba`
--

DROP TABLE IF EXISTS `evezba`;
CREATE TABLE IF NOT EXISTS `evezba` (
  `IDVEZBE` int(11) NOT NULL AUTO_INCREMENT,
  `NAZIVVEZBE` varchar(30) COLLATE utf8_unicode_ci NOT NULL,
  PRIMARY KEY (`IDVEZBE`)
) ENGINE=InnoDB AUTO_INCREMENT=13 DEFAULT CHARSET=utf8 COLLATE=utf8_unicode_ci;

--
-- Dumping data for table `evezba`
--

INSERT INTO `evezba` (`IDVEZBE`, `NAZIVVEZBE`) VALUES
(1, 'Cucanj'),
(2, 'Zgibovi'),
(3, 'Sklekovi'),
(4, 'Mrtva dizanja'),
(5, 'Propadanja'),
(6, 'Bench press'),
(7, 'Plank'),
(8, 'Bugarski cucanj'),
(9, 'Rumunska mrtva dizanja'),
(10, 'Iskoraci'),
(11, 'Skullcrushers'),
(12, 'Mountain climbers');

-- --------------------------------------------------------

--
-- Table structure for table `odradjuje`
--

DROP TABLE IF EXISTS `odradjuje`;
CREATE TABLE IF NOT EXISTS `odradjuje` (
  `IDVEZBACLANA` int(11) NOT NULL AUTO_INCREMENT,
  `IDCLANA` int(11) NOT NULL,
  `IDVEZBE` int(11) NOT NULL,
  `BROJPONAVLJANJA` int(11) DEFAULT NULL,
  `BROJSERIJA` int(11) DEFAULT NULL,
  `VREMETRAJANJA` int(11) DEFAULT NULL,
  `DODATNOOPTERECENJE` int(11) DEFAULT NULL,
  PRIMARY KEY (`IDVEZBACLANA`),
  KEY `FK_ODRADJUJE` (`IDCLANA`),
  KEY `FK_ODRADJUJE2` (`IDVEZBE`)
) ENGINE=InnoDB AUTO_INCREMENT=6838 DEFAULT CHARSET=utf8 COLLATE=utf8_unicode_ci;

--
-- Dumping data for table `odradjuje`
--

INSERT INTO `odradjuje` (`IDVEZBACLANA`, `IDCLANA`, `IDVEZBE`, `BROJPONAVLJANJA`, `BROJSERIJA`, `VREMETRAJANJA`, `DODATNOOPTERECENJE`) VALUES
(6090, 90, 1, 3, 0, 0, 92),
(6091, 90, 3, 3, 0, 0, 0),
(6092, 90, 7, 3, 0, 80, 0),
(6093, 90, 11, 3, 0, 0, 28),
(6094, 90, 4, 3, 0, 0, 92),
(6095, 90, 1, 3, 0, 0, 92),
(6096, 90, 11, 3, 0, 0, 28),
(6097, 90, 10, 3, 0, 0, 28),
(6098, 90, 6, 3, 0, 0, 88),
(6099, 90, 12, 3, 0, 80, 0),
(6100, 90, 9, 3, 0, 0, 92),
(6101, 90, 11, 3, 0, 0, 28),
(6102, 90, 8, 3, 0, 0, 28),
(6103, 90, 3, 3, 0, 0, 0),
(6104, 90, 12, 3, 0, 80, 0),
(6105, 90, 1, 3, 0, 0, 92),
(6106, 90, 5, 3, 0, 0, 20),
(6107, 90, 10, 3, 0, 0, 28),
(6108, 90, 12, 3, 0, 80, 0),
(6109, 90, 6, 3, 0, 0, 88),
(6110, 90, 3, 3, 0, 0, 0),
(6111, 90, 12, 3, 0, 80, 0),
(6112, 90, 6, 3, 0, 0, 88),
(6113, 90, 1, 3, 0, 0, 92),
(6114, 90, 10, 3, 0, 0, 28),
(6115, 90, 2, 3, 0, 0, 20),
(6116, 90, 12, 3, 0, 80, 0),
(6117, 90, 4, 3, 0, 0, 92),
(6118, 90, 8, 3, 0, 0, 28),
(6119, 90, 3, 3, 0, 0, 0),
(6120, 90, 3, 3, 0, 0, 0),
(6121, 90, 7, 3, 0, 80, 0),
(6122, 90, 1, 3, 0, 0, 92),
(6123, 90, 9, 3, 0, 0, 92),
(6124, 90, 11, 3, 0, 0, 28),
(6125, 90, 6, 3, 0, 0, 88),
(6126, 90, 10, 3, 0, 0, 28),
(6127, 90, 3, 3, 0, 0, 0),
(6128, 90, 8, 3, 0, 0, 28),
(6129, 90, 7, 3, 0, 80, 0),
(6130, 90, 6, 3, 0, 0, 88),
(6131, 90, 8, 3, 0, 0, 28),
(6132, 90, 9, 3, 0, 0, 92),
(6133, 90, 12, 3, 0, 80, 0),
(6134, 90, 3, 3, 0, 0, 0),
(6135, 90, 9, 3, 0, 0, 92),
(6136, 90, 4, 3, 0, 0, 92),
(6137, 90, 2, 3, 0, 0, 20),
(6138, 90, 3, 3, 0, 0, 0),
(6139, 90, 12, 3, 0, 80, 0),
(6140, 90, 12, 3, 0, 80, 0),
(6141, 90, 4, 3, 0, 0, 92),
(6142, 90, 11, 3, 0, 0, 28),
(6143, 90, 3, 3, 0, 0, 0),
(6144, 90, 10, 3, 0, 0, 28),
(6145, 90, 12, 3, 0, 80, 0),
(6146, 90, 11, 3, 0, 0, 28),
(6147, 90, 1, 3, 0, 0, 92),
(6148, 90, 5, 3, 0, 0, 20),
(6149, 90, 10, 3, 0, 0, 28),
(6150, 90, 10, 3, 0, 0, 28),
(6151, 90, 12, 3, 0, 80, 0),
(6152, 90, 11, 3, 0, 0, 28),
(6153, 90, 5, 3, 0, 0, 20),
(6154, 90, 8, 3, 0, 0, 28),
(6155, 90, 12, 3, 0, 80, 0),
(6156, 90, 1, 3, 0, 0, 92),
(6157, 90, 5, 3, 0, 0, 20),
(6158, 90, 10, 3, 0, 0, 28),
(6159, 90, 6, 3, 0, 0, 88),
(6160, 90, 9, 3, 0, 0, 92),
(6161, 90, 8, 3, 0, 0, 28),
(6162, 90, 2, 3, 0, 0, 20),
(6163, 90, 3, 3, 0, 0, 0),
(6164, 90, 7, 3, 0, 80, 0),
(6165, 90, 11, 3, 0, 0, 28),
(6166, 90, 5, 3, 0, 0, 20),
(6167, 90, 7, 3, 0, 80, 0),
(6168, 90, 1, 3, 0, 0, 92),
(6169, 90, 9, 3, 0, 0, 92),
(6170, 90, 3, 3, 0, 0, 0),
(6171, 90, 12, 3, 0, 80, 0),
(6172, 90, 6, 3, 0, 0, 88),
(6173, 90, 4, 3, 0, 0, 92),
(6174, 90, 9, 3, 0, 0, 92),
(6175, 90, 9, 3, 0, 0, 92),
(6176, 90, 7, 3, 0, 80, 0),
(6177, 90, 2, 3, 0, 0, 20),
(6178, 90, 10, 3, 0, 0, 28),
(6179, 90, 5, 3, 0, 0, 20),
(6180, 90, 7, 3, 0, 80, 0),
(6181, 90, 5, 3, 0, 0, 20),
(6182, 90, 6, 3, 0, 0, 88),
(6183, 90, 1, 3, 0, 0, 92),
(6184, 90, 8, 3, 0, 0, 28),
(6185, 90, 10, 3, 0, 0, 28),
(6186, 90, 8, 3, 0, 0, 28),
(6187, 90, 3, 3, 0, 0, 0),
(6188, 90, 12, 3, 0, 80, 0),
(6189, 90, 11, 3, 0, 0, 28),
(6190, 90, 11, 3, 0, 0, 28),
(6191, 90, 3, 3, 0, 0, 0),
(6192, 90, 10, 3, 0, 0, 28),
(6193, 90, 9, 3, 0, 0, 92),
(6194, 90, 12, 3, 0, 80, 0),
(6195, 90, 3, 3, 0, 0, 0),
(6196, 90, 9, 3, 0, 0, 92),
(6197, 90, 10, 3, 0, 0, 28),
(6198, 90, 11, 3, 0, 0, 28),
(6199, 90, 7, 3, 0, 80, 0),
(6200, 90, 10, 3, 0, 0, 28),
(6201, 90, 3, 3, 0, 0, 0),
(6202, 90, 2, 3, 0, 0, 20),
(6203, 90, 12, 3, 0, 80, 0),
(6204, 90, 8, 3, 0, 0, 28),
(6205, 90, 2, 3, 0, 0, 20),
(6206, 90, 5, 3, 0, 0, 20),
(6207, 90, 9, 3, 0, 0, 92),
(6208, 90, 4, 3, 0, 0, 92),
(6209, 90, 7, 3, 0, 80, 0),
(6210, 90, 2, 3, 0, 0, 20),
(6211, 90, 11, 3, 0, 0, 28),
(6212, 90, 12, 3, 0, 80, 0),
(6213, 90, 8, 3, 0, 0, 28),
(6214, 90, 4, 3, 0, 0, 92),
(6215, 90, 5, 3, 0, 0, 20),
(6216, 90, 10, 3, 0, 0, 28),
(6217, 90, 3, 3, 0, 0, 0),
(6218, 90, 9, 3, 0, 0, 92),
(6219, 90, 12, 3, 0, 80, 0),
(6220, 90, 7, 3, 0, 80, 0),
(6221, 90, 10, 3, 0, 0, 28),
(6222, 90, 11, 3, 0, 0, 28),
(6223, 90, 1, 3, 0, 0, 92),
(6224, 90, 5, 3, 0, 0, 20),
(6225, 90, 1, 3, 0, 0, 92),
(6226, 90, 6, 3, 0, 0, 88),
(6227, 90, 7, 3, 0, 80, 0),
(6228, 90, 8, 3, 0, 0, 28),
(6229, 90, 2, 3, 0, 0, 20),
(6230, 91, 10, 3, 0, 0, 24),
(6231, 91, 7, 3, 0, 80, 0),
(6232, 91, 9, 3, 0, 0, 81),
(6233, 91, 2, 3, 0, 0, 17),
(6234, 91, 6, 3, 0, 0, 77),
(6235, 91, 9, 3, 0, 0, 81),
(6236, 91, 4, 3, 0, 0, 81),
(6237, 91, 5, 3, 0, 0, 17),
(6238, 91, 2, 3, 0, 0, 17),
(6239, 91, 7, 3, 0, 80, 0),
(6240, 91, 3, 3, 0, 0, 0),
(6241, 91, 5, 3, 0, 0, 17),
(6242, 91, 9, 3, 0, 0, 81),
(6243, 91, 8, 3, 0, 0, 24),
(6244, 91, 7, 3, 0, 80, 0),
(6245, 91, 12, 3, 0, 80, 0),
(6246, 91, 10, 3, 0, 0, 24),
(6247, 91, 11, 3, 0, 0, 24),
(6248, 91, 9, 3, 0, 0, 81),
(6249, 91, 2, 3, 0, 0, 17),
(6250, 91, 3, 3, 0, 0, 0),
(6251, 91, 9, 3, 0, 0, 81),
(6252, 91, 10, 3, 0, 0, 24),
(6253, 91, 2, 3, 0, 0, 17),
(6254, 91, 12, 3, 0, 80, 0),
(6255, 91, 6, 3, 0, 0, 77),
(6256, 91, 12, 3, 0, 80, 0),
(6257, 91, 3, 3, 0, 0, 0),
(6258, 91, 4, 3, 0, 0, 81),
(6259, 91, 9, 3, 0, 0, 81),
(6260, 91, 5, 3, 0, 0, 17),
(6261, 91, 12, 3, 0, 80, 0),
(6262, 91, 6, 3, 0, 0, 77),
(6263, 91, 9, 3, 0, 0, 81),
(6264, 91, 10, 3, 0, 0, 24),
(6265, 91, 11, 3, 0, 0, 24),
(6266, 91, 5, 3, 0, 0, 17),
(6267, 91, 7, 3, 0, 80, 0),
(6268, 91, 4, 3, 0, 0, 81),
(6269, 91, 10, 3, 0, 0, 24),
(6270, 91, 10, 3, 0, 0, 24),
(6271, 91, 6, 3, 0, 0, 77),
(6272, 91, 4, 3, 0, 0, 81),
(6273, 91, 12, 3, 0, 80, 0),
(6274, 91, 11, 3, 0, 0, 24),
(6275, 91, 9, 3, 0, 0, 81),
(6276, 91, 6, 3, 0, 0, 77),
(6277, 91, 10, 3, 0, 0, 24),
(6278, 91, 2, 3, 0, 0, 17),
(6279, 91, 7, 3, 0, 80, 0),
(6280, 91, 2, 3, 0, 0, 17),
(6281, 91, 8, 3, 0, 0, 24),
(6282, 91, 10, 3, 0, 0, 24),
(6283, 91, 6, 3, 0, 0, 77),
(6284, 91, 7, 3, 0, 80, 0),
(6285, 91, 5, 3, 0, 0, 17),
(6286, 91, 6, 3, 0, 0, 77),
(6287, 91, 7, 3, 0, 80, 0),
(6288, 91, 8, 3, 0, 0, 24),
(6289, 91, 1, 3, 0, 0, 81),
(6290, 91, 3, 3, 0, 0, 0),
(6291, 91, 9, 3, 0, 0, 81),
(6292, 91, 11, 3, 0, 0, 24),
(6293, 91, 1, 3, 0, 0, 81),
(6294, 91, 12, 3, 0, 80, 0),
(6295, 91, 10, 3, 0, 0, 24),
(6296, 91, 7, 3, 0, 80, 0),
(6297, 91, 5, 3, 0, 0, 17),
(6298, 91, 2, 3, 0, 0, 17),
(6299, 91, 9, 3, 0, 0, 81),
(6300, 91, 11, 3, 0, 0, 24),
(6301, 91, 1, 3, 0, 0, 81),
(6302, 91, 5, 3, 0, 0, 17),
(6303, 91, 9, 3, 0, 0, 81),
(6304, 91, 7, 3, 0, 80, 0),
(6305, 91, 3, 3, 0, 0, 0),
(6306, 91, 7, 3, 0, 80, 0),
(6307, 91, 4, 3, 0, 0, 81),
(6308, 91, 6, 3, 0, 0, 77),
(6309, 91, 8, 3, 0, 0, 24),
(6310, 91, 3, 3, 0, 0, 0),
(6311, 91, 10, 3, 0, 0, 24),
(6312, 91, 1, 3, 0, 0, 81),
(6313, 91, 7, 3, 0, 80, 0),
(6314, 91, 5, 3, 0, 0, 17),
(6315, 91, 5, 3, 0, 0, 17),
(6316, 91, 4, 3, 0, 0, 81),
(6317, 91, 7, 3, 0, 80, 0),
(6318, 91, 9, 3, 0, 0, 81),
(6319, 91, 11, 3, 0, 0, 24),
(6320, 91, 6, 3, 0, 0, 77),
(6321, 91, 3, 3, 0, 0, 0),
(6322, 91, 7, 3, 0, 80, 0),
(6323, 91, 8, 3, 0, 0, 24),
(6324, 91, 4, 3, 0, 0, 81),
(6325, 91, 5, 3, 0, 0, 17),
(6326, 91, 2, 3, 0, 0, 17),
(6327, 91, 4, 3, 0, 0, 81),
(6328, 91, 1, 3, 0, 0, 81),
(6329, 91, 7, 3, 0, 80, 0),
(6330, 92, 3, 3, 0, 0, 0),
(6331, 92, 1, 3, 0, 0, 60),
(6332, 92, 5, 3, 0, 0, 0),
(6333, 92, 10, 3, 0, 0, 9),
(6334, 92, 2, 3, 0, 0, 0),
(6335, 92, 8, 3, 0, 0, 9),
(6336, 92, 7, 3, 0, 80, 0),
(6337, 92, 9, 3, 0, 0, 60),
(6338, 92, 4, 3, 0, 0, 60),
(6339, 92, 10, 3, 0, 0, 9),
(6340, 92, 12, 3, 0, 80, 0),
(6341, 92, 5, 3, 0, 0, 0),
(6342, 92, 11, 3, 0, 0, 9),
(6343, 92, 3, 3, 0, 0, 0),
(6344, 92, 2, 3, 0, 0, 0),
(6345, 92, 10, 3, 0, 0, 9),
(6346, 92, 12, 3, 0, 80, 0),
(6347, 92, 4, 3, 0, 0, 60),
(6348, 92, 5, 3, 0, 0, 0),
(6349, 92, 9, 3, 0, 0, 60),
(6350, 92, 11, 3, 0, 0, 9),
(6351, 92, 6, 3, 0, 0, 48),
(6352, 92, 2, 3, 0, 0, 0),
(6353, 92, 3, 3, 0, 0, 0),
(6354, 92, 1, 3, 0, 0, 60),
(6355, 92, 10, 3, 0, 0, 9),
(6356, 92, 7, 3, 0, 80, 0),
(6357, 92, 8, 3, 0, 0, 9),
(6358, 92, 12, 3, 0, 80, 0),
(6359, 92, 10, 3, 0, 0, 9),
(6360, 92, 3, 3, 0, 0, 0),
(6361, 92, 6, 3, 0, 0, 48),
(6362, 92, 1, 3, 0, 0, 60),
(6363, 92, 5, 3, 0, 0, 0),
(6364, 92, 8, 3, 0, 0, 9),
(6365, 92, 9, 3, 0, 0, 60),
(6366, 92, 6, 3, 0, 0, 48),
(6367, 92, 7, 3, 0, 80, 0),
(6368, 92, 3, 3, 0, 0, 0),
(6369, 92, 2, 3, 0, 0, 0),
(6370, 92, 1, 3, 0, 0, 60),
(6371, 92, 10, 3, 0, 0, 9),
(6372, 92, 2, 3, 0, 0, 0),
(6373, 92, 8, 3, 0, 0, 9),
(6374, 92, 5, 3, 0, 0, 0),
(6375, 92, 3, 3, 0, 0, 0),
(6376, 92, 10, 3, 0, 0, 9),
(6377, 92, 7, 3, 0, 80, 0),
(6378, 92, 9, 3, 0, 0, 60),
(6379, 92, 11, 3, 0, 0, 9),
(6380, 92, 1, 3, 0, 0, 60),
(6381, 92, 10, 3, 0, 0, 9),
(6382, 92, 5, 3, 0, 0, 0),
(6383, 92, 4, 3, 0, 0, 60),
(6384, 92, 12, 3, 0, 80, 0),
(6385, 92, 3, 3, 0, 0, 0),
(6386, 92, 11, 3, 0, 0, 9),
(6387, 92, 1, 3, 0, 0, 60),
(6388, 92, 10, 3, 0, 0, 9),
(6389, 92, 7, 3, 0, 80, 0),
(6390, 92, 6, 3, 0, 0, 48),
(6391, 92, 9, 3, 0, 0, 60),
(6392, 92, 3, 3, 0, 0, 0),
(6393, 92, 10, 3, 0, 0, 9),
(6394, 92, 12, 3, 0, 80, 0),
(6395, 92, 6, 3, 0, 0, 48),
(6396, 92, 4, 3, 0, 0, 60),
(6397, 92, 9, 3, 0, 0, 60),
(6398, 92, 11, 3, 0, 0, 9),
(6399, 92, 2, 3, 0, 0, 0),
(6400, 92, 6, 3, 0, 0, 48),
(6401, 92, 4, 3, 0, 0, 60),
(6402, 92, 9, 3, 0, 0, 60),
(6403, 92, 11, 3, 0, 0, 9),
(6404, 92, 5, 3, 0, 0, 0),
(6405, 92, 1, 3, 0, 0, 60),
(6406, 92, 7, 3, 0, 80, 0),
(6407, 92, 12, 3, 0, 80, 0),
(6408, 92, 5, 3, 0, 0, 0),
(6409, 92, 2, 3, 0, 0, 0),
(6410, 92, 10, 3, 0, 0, 9),
(6411, 92, 11, 3, 0, 0, 9),
(6412, 92, 4, 3, 0, 0, 60),
(6413, 92, 1, 3, 0, 0, 60),
(6414, 93, 9, 3, 0, 0, 78),
(6415, 93, 11, 3, 0, 0, 23),
(6416, 93, 6, 3, 0, 0, 74),
(6417, 93, 12, 3, 0, 80, 0),
(6418, 93, 4, 3, 0, 0, 78),
(6419, 93, 5, 3, 0, 0, 17),
(6420, 93, 11, 3, 0, 0, 23),
(6421, 93, 8, 3, 0, 0, 23),
(6422, 93, 4, 3, 0, 0, 78),
(6423, 93, 7, 3, 0, 80, 0),
(6424, 93, 6, 3, 0, 0, 74),
(6425, 93, 1, 3, 0, 0, 78),
(6426, 93, 3, 3, 0, 0, 0),
(6427, 93, 4, 3, 0, 0, 78),
(6428, 93, 12, 3, 0, 80, 0),
(6429, 93, 2, 3, 0, 0, 17),
(6430, 93, 11, 3, 0, 0, 23),
(6431, 93, 1, 3, 0, 0, 78),
(6432, 93, 10, 3, 0, 0, 23),
(6433, 93, 12, 3, 0, 80, 0),
(6434, 93, 8, 3, 0, 0, 23),
(6435, 93, 7, 3, 0, 80, 0),
(6436, 93, 6, 3, 0, 0, 74),
(6437, 93, 10, 3, 0, 0, 23),
(6438, 93, 3, 3, 0, 0, 0),
(6439, 93, 7, 3, 0, 80, 0),
(6440, 93, 6, 3, 0, 0, 74),
(6441, 93, 1, 3, 0, 0, 78),
(6442, 93, 8, 3, 0, 0, 23),
(6443, 93, 11, 3, 0, 0, 23),
(6444, 93, 2, 3, 0, 0, 17),
(6445, 93, 12, 3, 0, 80, 0),
(6446, 93, 1, 3, 0, 0, 78),
(6447, 93, 10, 3, 0, 0, 23),
(6448, 93, 5, 3, 0, 0, 17),
(6449, 93, 6, 3, 0, 0, 74),
(6450, 93, 11, 3, 0, 0, 23),
(6451, 93, 12, 3, 0, 80, 0),
(6452, 93, 10, 3, 0, 0, 23),
(6453, 93, 8, 3, 0, 0, 23),
(6454, 93, 2, 3, 0, 0, 17),
(6455, 93, 12, 3, 0, 80, 0),
(6456, 93, 9, 3, 0, 0, 78),
(6457, 93, 11, 3, 0, 0, 23),
(6458, 93, 10, 3, 0, 0, 23),
(6459, 93, 5, 3, 0, 0, 17),
(6460, 93, 1, 3, 0, 0, 78),
(6461, 93, 6, 3, 0, 0, 74),
(6462, 93, 4, 3, 0, 0, 78),
(6463, 93, 12, 3, 0, 80, 0),
(6464, 93, 11, 3, 0, 0, 23),
(6465, 93, 9, 3, 0, 0, 78),
(6466, 93, 4, 3, 0, 0, 78),
(6467, 93, 12, 3, 0, 80, 0),
(6468, 93, 5, 3, 0, 0, 17),
(6469, 93, 1, 3, 0, 0, 78),
(6470, 93, 6, 3, 0, 0, 74),
(6471, 93, 11, 3, 0, 0, 23),
(6472, 93, 12, 3, 0, 80, 0),
(6473, 93, 9, 3, 0, 0, 78),
(6474, 93, 3, 3, 0, 0, 0),
(6475, 93, 5, 3, 0, 0, 17),
(6476, 93, 10, 3, 0, 0, 23),
(6477, 93, 4, 3, 0, 0, 78),
(6478, 93, 12, 3, 0, 80, 0),
(6479, 93, 10, 3, 0, 0, 23),
(6480, 93, 12, 3, 0, 80, 0),
(6481, 93, 9, 3, 0, 0, 78),
(6482, 93, 3, 3, 0, 0, 0),
(6483, 93, 6, 3, 0, 0, 74),
(6484, 93, 8, 3, 0, 0, 23),
(6485, 93, 2, 3, 0, 0, 17),
(6486, 93, 12, 3, 0, 80, 0),
(6487, 93, 10, 3, 0, 0, 23),
(6488, 93, 5, 3, 0, 0, 17),
(6489, 93, 1, 3, 0, 0, 78),
(6490, 93, 8, 3, 0, 0, 23),
(6491, 93, 12, 3, 0, 80, 0),
(6492, 93, 11, 3, 0, 0, 23),
(6493, 93, 6, 3, 0, 0, 74),
(6494, 93, 1, 3, 0, 0, 78),
(6495, 93, 12, 3, 0, 80, 0),
(6496, 93, 3, 3, 0, 0, 0),
(6497, 93, 5, 3, 0, 0, 17),
(6498, 93, 8, 3, 0, 0, 23),
(6499, 93, 11, 3, 0, 0, 23),
(6500, 93, 4, 3, 0, 0, 78),
(6501, 93, 10, 3, 0, 0, 23),
(6502, 93, 7, 3, 0, 80, 0),
(6503, 93, 6, 3, 0, 0, 74),
(6504, 93, 2, 3, 0, 0, 17),
(6505, 93, 10, 3, 0, 0, 23),
(6506, 93, 6, 3, 0, 0, 74),
(6507, 93, 12, 3, 0, 80, 0),
(6508, 93, 4, 3, 0, 0, 78),
(6509, 93, 11, 3, 0, 0, 23),
(6510, 93, 1, 3, 0, 0, 78),
(6511, 93, 8, 3, 0, 0, 23),
(6512, 93, 6, 3, 0, 0, 74),
(6513, 93, 7, 3, 0, 80, 0),
(6654, 95, 11, 10, 4, 0, 33),
(6655, 95, 7, 0, 4, 80, 0),
(6656, 95, 4, 10, 4, 0, 95),
(6657, 95, 6, 10, 4, 0, 104),
(6658, 95, 9, 10, 4, 0, 95),
(6659, 95, 8, 10, 4, 0, 33),
(6660, 95, 9, 10, 4, 0, 95),
(6661, 95, 2, 10, 4, 0, 14),
(6662, 95, 3, 10, 4, 0, 0),
(6663, 95, 7, 0, 4, 80, 0),
(6664, 95, 1, 10, 4, 0, 95),
(6665, 95, 6, 10, 4, 0, 104),
(6666, 95, 8, 10, 4, 0, 33),
(6667, 95, 7, 0, 4, 80, 0),
(6668, 95, 2, 10, 4, 0, 14),
(6669, 95, 2, 10, 4, 0, 14),
(6670, 95, 10, 10, 4, 0, 33),
(6671, 95, 3, 10, 4, 0, 0),
(6672, 95, 4, 10, 4, 0, 95),
(6673, 95, 7, 0, 4, 80, 0),
(6674, 95, 2, 10, 4, 0, 14),
(6675, 95, 11, 10, 4, 0, 33),
(6676, 95, 7, 0, 4, 80, 0),
(6677, 95, 1, 10, 4, 0, 95),
(6678, 95, 10, 10, 4, 0, 33),
(6679, 95, 11, 10, 4, 0, 33),
(6680, 95, 5, 10, 4, 0, 14),
(6681, 95, 9, 10, 4, 0, 95),
(6682, 95, 7, 0, 4, 80, 0),
(6683, 95, 4, 10, 4, 0, 95),
(6684, 95, 3, 10, 4, 0, 0),
(6685, 95, 12, 0, 4, 80, 0),
(6686, 95, 8, 10, 4, 0, 33),
(6687, 95, 9, 10, 4, 0, 95),
(6688, 95, 5, 10, 4, 0, 14),
(6689, 95, 3, 10, 4, 0, 0),
(6690, 95, 7, 0, 4, 80, 0),
(6691, 95, 10, 10, 4, 0, 33),
(6692, 95, 4, 10, 4, 0, 95),
(6693, 95, 5, 10, 4, 0, 14),
(6694, 95, 7, 0, 4, 80, 0),
(6695, 95, 2, 10, 4, 0, 14),
(6696, 95, 10, 10, 4, 0, 33),
(6697, 95, 9, 10, 4, 0, 95),
(6698, 95, 6, 10, 4, 0, 104),
(6699, 95, 12, 0, 4, 80, 0),
(6700, 95, 3, 10, 4, 0, 0),
(6701, 95, 11, 10, 4, 0, 33),
(6702, 95, 10, 10, 4, 0, 33),
(6703, 95, 8, 10, 4, 0, 33),
(6704, 95, 6, 10, 4, 0, 104),
(6705, 95, 7, 0, 4, 80, 0),
(6706, 95, 9, 10, 4, 0, 95),
(6707, 95, 10, 10, 4, 0, 33),
(6708, 95, 5, 10, 4, 0, 14),
(6709, 95, 9, 10, 4, 0, 95),
(6710, 95, 12, 0, 4, 80, 0),
(6711, 95, 3, 10, 4, 0, 0),
(6712, 95, 2, 10, 4, 0, 14),
(6713, 95, 8, 10, 4, 0, 33),
(6714, 95, 8, 10, 4, 0, 33),
(6715, 95, 12, 0, 4, 80, 0),
(6716, 95, 10, 10, 4, 0, 33),
(6717, 95, 11, 10, 4, 0, 33),
(6718, 95, 5, 10, 4, 0, 14),
(6719, 95, 3, 10, 4, 0, 0),
(6720, 95, 12, 0, 4, 80, 0),
(6721, 95, 11, 10, 4, 0, 33),
(6722, 95, 10, 10, 4, 0, 33),
(6723, 95, 4, 10, 4, 0, 95),
(6724, 95, 5, 10, 4, 0, 14),
(6725, 95, 4, 10, 4, 0, 95),
(6726, 95, 12, 0, 4, 80, 0),
(6727, 95, 11, 10, 4, 0, 33),
(6728, 95, 1, 10, 4, 0, 95),
(6729, 95, 6, 10, 4, 0, 104),
(6730, 95, 8, 10, 4, 0, 33),
(6731, 95, 9, 10, 4, 0, 95),
(6732, 95, 7, 0, 4, 80, 0),
(6733, 95, 11, 10, 4, 0, 33),
(6734, 95, 4, 10, 4, 0, 95),
(6735, 95, 11, 10, 4, 0, 33),
(6736, 95, 6, 10, 4, 0, 104),
(6737, 95, 10, 10, 4, 0, 33),
(6738, 95, 7, 0, 4, 80, 0),
(6739, 95, 10, 10, 4, 0, 33),
(6740, 95, 8, 10, 4, 0, 33),
(6741, 95, 7, 0, 4, 80, 0),
(6742, 95, 2, 10, 4, 0, 14),
(6743, 95, 3, 10, 4, 0, 0),
(6744, 95, 12, 0, 4, 80, 0),
(6745, 95, 8, 10, 4, 0, 33),
(6746, 95, 4, 10, 4, 0, 95),
(6747, 95, 3, 10, 4, 0, 0),
(6748, 95, 5, 10, 4, 0, 14),
(6749, 95, 12, 0, 4, 80, 0),
(6750, 95, 5, 10, 4, 0, 14),
(6751, 95, 6, 10, 4, 0, 104),
(6752, 95, 8, 10, 4, 0, 33),
(6753, 95, 4, 10, 4, 0, 95),
(6754, 96, 3, 10, 3, 0, 0),
(6755, 96, 2, 8, 3, 0, 15),
(6756, 96, 10, 10, 3, 0, 22),
(6757, 96, 12, 0, 3, 80, 0),
(6758, 96, 8, 10, 3, 0, 22),
(6759, 96, 9, 10, 3, 0, 72),
(6760, 96, 5, 8, 3, 0, 15),
(6761, 96, 5, 8, 3, 0, 15),
(6762, 96, 2, 8, 3, 0, 15),
(6763, 96, 1, 10, 3, 0, 72),
(6764, 96, 12, 0, 3, 80, 0),
(6765, 96, 9, 10, 3, 0, 72),
(6766, 96, 3, 10, 3, 0, 0),
(6767, 96, 4, 10, 3, 0, 72),
(6768, 96, 4, 10, 3, 0, 72),
(6769, 96, 9, 10, 3, 0, 72),
(6770, 96, 5, 8, 3, 0, 15),
(6771, 96, 1, 10, 3, 0, 72),
(6772, 96, 11, 10, 3, 0, 22),
(6773, 96, 3, 10, 3, 0, 0),
(6774, 96, 7, 0, 3, 80, 0),
(6775, 96, 12, 0, 3, 80, 0),
(6776, 96, 1, 10, 3, 0, 72),
(6777, 96, 2, 8, 3, 0, 15),
(6778, 96, 4, 10, 3, 0, 72),
(6779, 96, 6, 10, 3, 0, 69),
(6780, 96, 5, 8, 3, 0, 15),
(6781, 96, 9, 10, 3, 0, 72),
(6782, 96, 12, 0, 3, 80, 0),
(6783, 96, 5, 8, 3, 0, 15),
(6784, 96, 2, 8, 3, 0, 15),
(6785, 96, 11, 10, 3, 0, 22),
(6786, 96, 4, 10, 3, 0, 72),
(6787, 96, 10, 10, 3, 0, 22),
(6788, 96, 1, 10, 3, 0, 72),
(6789, 96, 7, 0, 3, 80, 0),
(6790, 96, 2, 8, 3, 0, 15),
(6791, 96, 9, 10, 3, 0, 72),
(6792, 96, 5, 8, 3, 0, 15),
(6793, 96, 1, 10, 3, 0, 72),
(6794, 96, 8, 10, 3, 0, 22),
(6795, 96, 6, 10, 3, 0, 69),
(6796, 96, 10, 10, 3, 0, 22),
(6797, 96, 2, 8, 3, 0, 15),
(6798, 96, 1, 10, 3, 0, 72),
(6799, 96, 7, 0, 3, 80, 0),
(6800, 96, 3, 10, 3, 0, 0),
(6801, 96, 5, 8, 3, 0, 15),
(6802, 96, 8, 10, 3, 0, 22),
(6803, 96, 2, 8, 3, 0, 15),
(6804, 96, 1, 10, 3, 0, 72),
(6805, 96, 5, 8, 3, 0, 15),
(6806, 96, 9, 10, 3, 0, 72),
(6807, 96, 12, 0, 3, 80, 0),
(6808, 96, 3, 10, 3, 0, 0),
(6809, 96, 4, 10, 3, 0, 72),
(6810, 96, 12, 0, 3, 80, 0),
(6811, 96, 2, 8, 3, 0, 15),
(6812, 96, 4, 10, 3, 0, 72),
(6813, 96, 3, 10, 3, 0, 0),
(6814, 96, 11, 10, 3, 0, 22),
(6815, 96, 1, 10, 3, 0, 72),
(6816, 96, 10, 10, 3, 0, 22),
(6817, 96, 11, 10, 3, 0, 22),
(6818, 96, 1, 10, 3, 0, 72),
(6819, 96, 12, 0, 3, 80, 0),
(6820, 96, 3, 10, 3, 0, 0),
(6821, 96, 5, 8, 3, 0, 15),
(6822, 96, 10, 10, 3, 0, 22),
(6823, 96, 4, 10, 3, 0, 72),
(6824, 96, 11, 10, 3, 0, 22),
(6825, 96, 3, 10, 3, 0, 0),
(6826, 96, 4, 10, 3, 0, 72),
(6827, 96, 9, 10, 3, 0, 72),
(6828, 96, 12, 0, 3, 80, 0),
(6829, 96, 5, 8, 3, 0, 15),
(6830, 96, 1, 10, 3, 0, 72),
(6831, 96, 7, 0, 3, 80, 0),
(6832, 96, 6, 10, 3, 0, 69),
(6833, 96, 3, 10, 3, 0, 0),
(6834, 96, 10, 10, 3, 0, 22),
(6835, 96, 4, 10, 3, 0, 72),
(6836, 96, 9, 10, 3, 0, 72),
(6837, 96, 5, 8, 3, 0, 15);

-- --------------------------------------------------------

--
-- Table structure for table `sadrzi`
--

DROP TABLE IF EXISTS `sadrzi`;
CREATE TABLE IF NOT EXISTS `sadrzi` (
  `NAZIVGRUPE` varchar(25) COLLATE utf8_unicode_ci NOT NULL,
  `IDVEZBE` int(11) NOT NULL,
  PRIMARY KEY (`NAZIVGRUPE`,`IDVEZBE`),
  KEY `FK_SADRZI2` (`IDVEZBE`)
) ENGINE=InnoDB DEFAULT CHARSET=utf8 COLLATE=utf8_unicode_ci;

--
-- Dumping data for table `sadrzi`
--

INSERT INTO `sadrzi` (`NAZIVGRUPE`, `IDVEZBE`) VALUES
('Gluteus', 1),
('Kvadriceps', 1),
('List', 1),
('Biceps', 2),
('Lats', 2),
('Deltoids', 3),
('Grudi', 3),
('Triceps', 3),
('Biceps', 4),
('Deltoids', 4),
('Donja ledja', 4),
('Gluteus', 4),
('Trapezius', 4),
('Deltoids', 5),
('Grudi', 5),
('Triceps', 5),
('Donja ledja', 7),
('Donji stomak', 7),
('Gornji stomak', 7),
('Gluteus', 8),
('Kvadriceps', 8),
('Zadnja loza', 8),
('Donji stomak', 9),
('Gluteus', 9),
('Kvadriceps', 9),
('Trapezius', 9),
('Zadnja loza', 9),
('Kvadriceps', 10),
('List', 10),
('Zadnja loza', 10),
('Triceps', 11),
('Donji stomak', 12),
('Gornji stomak', 12),
('Zadnja loza', 12);

--
-- Constraints for dumped tables
--

--
-- Constraints for table `cini`
--
ALTER TABLE `cini`
  ADD CONSTRAINT `FK_CINI` FOREIGN KEY (`IDVEZBE`) REFERENCES `evezba` (`IDVEZBE`),
  ADD CONSTRAINT `FK_CINI2` FOREIGN KEY (`IDTRENINGA`,`NEDELJA`,`BRDANAUNED`) REFERENCES `etrening` (`IDTRENINGA`, `NEDELJA`, `BRDANAUNED`);

--
-- Constraints for table `eplantreninga`
--
ALTER TABLE `eplantreninga`
  ADD CONSTRAINT `FK_IMA` FOREIGN KEY (`IDCLANA`) REFERENCES `eclan` (`IDCLANA`);

--
-- Constraints for table `etrening`
--
ALTER TABLE `etrening`
  ADD CONSTRAINT `pripada` FOREIGN KEY (`IDPLANA`) REFERENCES `eplantreninga` (`IDPLANA`);

--
-- Constraints for table `odradjuje`
--
ALTER TABLE `odradjuje`
  ADD CONSTRAINT `FK_ODRADJUJE` FOREIGN KEY (`IDCLANA`) REFERENCES `eclan` (`IDCLANA`),
  ADD CONSTRAINT `FK_ODRADJUJE2` FOREIGN KEY (`IDVEZBE`) REFERENCES `evezba` (`IDVEZBE`);

--
-- Constraints for table `sadrzi`
--
ALTER TABLE `sadrzi`
  ADD CONSTRAINT `FK_SADRZI` FOREIGN KEY (`NAZIVGRUPE`) REFERENCES `emisicnagrupa` (`NAZIVGRUPE`),
  ADD CONSTRAINT `FK_SADRZI2` FOREIGN KEY (`IDVEZBE`) REFERENCES `evezba` (`IDVEZBE`);
COMMIT;

/*!40101 SET CHARACTER_SET_CLIENT=@OLD_CHARACTER_SET_CLIENT */;
/*!40101 SET CHARACTER_SET_RESULTS=@OLD_CHARACTER_SET_RESULTS */;
/*!40101 SET COLLATION_CONNECTION=@OLD_COLLATION_CONNECTION */;
